opta_id,full_name,birth_date,country,soccRole,position,appearances,mins_played,touches,xG,npxG,opxG,xA,opxA,xOVA,xA_received,xT,xT_pass,xT_carry,xT_from_passes_received,xg_blocked,xg_against_team,xG_p90,npxG_p90,opxG_p90,xA_p90,opxA_p90,xOVA_p90,xA_received_p90,xT_p90,xT_pass_p90,xT_carry_p90,xT_from_passes_received_p90,xg_blocked_p90,xg_against_team_p90,sics_id,sc_id,Giocatore,Anno,Età,Ruolo,Minuti,Tiri,Tiri in porta,Tiri da area,Tiri da area piccola,Tiri fuori area,Tiri di testa,Tiri di rigore,Gol,Gol da area,Gol da area piccola,Gol fuori area,Gol di testa,Gol di piede,Gol su PI,Gol su Pun. Centrale,Gol su Pun. Laterale,Gol su Corner,Gol su Rimessa,Gol su rigore,Gol su sviluppo rigore,Gol su Pun. Diretta,Gol su sviluppo Pun. Diretta,Tiri su Occasione Gol,Tiri su Promettente,Passaggi Chiave,Passaggi Chiave in area,Passaggi Chiave ricevuti,Passaggi Chiave ricevuti in area,Assist,Assist Vincenti,Assist in area,Assist Vincenti in area,Third pass,Third pass vincenti,Gol procurati,Assist V + Third pass V,Assist V + Third pass V + Gol procurati,Triangolazioni,Triangolazioni fatte,Triangolazioni chiuse,Passaggi,Passaggi ricevuti,Palle Laterali,Cross,Cross riusciti,Cross vincenti,Traversoni,Traversoni riusciti,Traversoni vincenti,Cut Back,Cut Back riusciti,Cut Back vincenti,Perde palla,Propria metà campo,Recupera palla,Metà campo avversaria,Dribbling,Dribbling vincenti,Dribbling subiti,Dribbling perdenti subiti,Duelli,Duelli di gioco,Duelli vinti,Duelli nella metà campo offensiva,Duelli vinti nella metà campo offensiva,Duelli aerei,Duelli aerei vinti,Duelli tackle,Duelli tackle vinti,Interventi decisivi +,Interventi decisivi -,Reti subite squadra,Falli fatti,Falli subiti,In Fuorigioco,Ammonizioni,Espulsioni,Doppie Ammonizioni,Parate,Gol subiti,Uscite,Tiri in porta subiti,Rigori,Rigori parati,Interventi decisivi +2,Interventi decisivi -3,Passaggi portiere,Passaggi portiere +,Lanci,Lanci +,Precisione,Precisione da area,Precisione da fuori area,% Realizzazione,Realizzazione da area,Realizzazione da fuori area,Realizzazione su rigore,Realizzazione su Occasione Gol,Realizzazione su Promettente,lanci/passaggi portiere ricevuti,lanci/passaggi portiere ricevuti campo off.,% Passaggi riusciti,% Cross riusciti,% Cross vincenti,% Traversoni riusciti,% Traversoni vincenti,% Cut Back riusciti,% Cut Back vincenti,H media recupera palla (no P),% dribbling vincenti,% dribbling perdenti subiti,% duelli vinti,% duelli vinti nella metà campo offensiva,% duelli arei vinti,% duelli tackle vinti,Minuti giocati / gol subiti,H media falli (m),% parate su tiri in porta subiti,% passaggi +,% passaggi su gioco portiere,% lanci +,% lanci su gioco portiere,Tiri P90,Tiri in porta P90,Tiri da area P90,Tiri da area piccola P90,Tiri fuori area P90,Tiri di testa P90,Tiri di rigore P90,Gol P90,Gol da area P90,Gol da area piccola P90,Gol fuori area P90,Gol di testa P90,Gol di piede P90,Gol su PI P90,Gol su Pun. Centrale P90,Gol su Pun. Laterale P90,Gol su Corner P90,Gol su Rimessa P90,Gol su rigore P90,Gol su sviluppo rigore P90,Gol su Pun. Diretta P90,Gol su sviluppo Pun. Diretta P90,Tiri su Occasione Gol P90,Tiri su Promettente P90,Passaggi Chiave P90,Passaggi Chiave in area P90,Passaggi Chiave ricevuti P90,Passaggi Chiave ricevuti in area P90,Assist P90,Assist Vincenti P90,Assist in area P90,Assist Vincenti in area P90,Third pass P90,Third pass vincenti P90,Gol procurati P90,Assist V + Third pass V P90,Assist V + Third pass V + Gol procurati P90,Triangolazioni P90,Triangolazioni fatte P90,Triangolazioni chiuse P90,Passaggi P90,Passaggi ricevuti P90,Palle Laterali P90,Cross P90,Cross riusciti P90,Cross vincenti P90,Traversoni P90,Traversoni riusciti P90,Traversoni vincenti P90,Cut Back P90,Cut Back riusciti P90,Cut Back vincenti P90,Perde palla P90,Propria metà campo P90,Recupera palla P90,Metà campo avversaria P90,Dribbling P90,Dribbling vincenti P90,Dribbling subiti P90,Dribbling perdenti subiti P90,Duelli P90,Duelli di gioco P90,Duelli vinti P90,Duelli nella metà campo offensiva P90,Duelli vinti nella metà campo offensiva P90,Duelli aerei P90,Duelli aerei vinti P90,Duelli tackle P90,Duelli tackle vinti P90,Interventi decisivi + P90,Interventi decisivi - P90,Reti subite squadra P90,Falli fatti P90,Falli subiti P90,In Fuorigioco P90,Ammonizioni P90,Espulsioni P90,Doppie Ammonizioni P90,Parate P90,Gol subiti P90,Uscite P90,Tiri in porta subiti P90,Rigori P90,Rigori parati P90,Interventi decisivi +2 P90,Interventi decisivi -3 P90,Passaggi portiere P90,Passaggi portiere + P90,Lanci P90,Lanci + P90,Player,Position,Position Group,Minutes Played,Minutes Played TIP,Minutes Played OTIP,Player ID,Distance,Running Distance,HSR Distance,Sprinting Distance,HI Distance,Count HSR,Count Sprint,Count HI,Count Medium Acceleration,Count High Acceleration,Count Medium Deceleration,Count High Deceleration,PSV-99,Distance TIP,Running Distance TIP,HSR Distance TIP,Sprinting Distance TIP,HI Distance TIP,Count HSR TIP,Count Sprint TIP,Count HI TIP,Count Medium Acceleration TIP,Count High Acceleration TIP,Count Medium Deceleration TIP,Count High Deceleration TIP,Distance OTIP,Running Distance OTIP,HSR Distance OTIP,Sprinting Distance OTIP,HI Distance OTIP,Count HSR OTIP,Count Sprint OTIP,Count HI OTIP,Count Medium Acceleration OTIP,Count High Acceleration OTIP,Count Medium Deceleration OTIP,Count High Deceleration OTIP,M/min,M/min TIP,M/min OTIP,Minutes Played P90,Minutes Played TIP P90,Minutes Played OTIP P90,Player ID P90,Distance P90,Running Distance P90,HSR Distance P90,Sprinting Distance P90,HI Distance P90,Count HSR P90,Count Sprint P90,Count HI P90,Count Medium Acceleration P90,Count High Acceleration P90,Count Medium Deceleration P90,Count High Deceleration P90,PSV-99 P90,Distance TIP P90,Running Distance TIP P90,HSR Distance TIP P90,Sprinting Distance TIP P90,HI Distance TIP P90,Count HSR TIP P90,Count Sprint TIP P90,Count HI TIP P90,Count Medium Acceleration TIP P90,Count High Acceleration TIP P90,Count Medium Deceleration TIP P90,Count High Deceleration TIP P90,Distance OTIP P90,Running Distance OTIP P90,HSR Distance OTIP P90,Sprinting Distance OTIP P90,HI Distance OTIP P90,Count HSR OTIP P90,Count Sprint OTIP P90,Count HI OTIP P90,Count Medium Acceleration OTIP P90,Count High Acceleration OTIP P90,Count Medium Deceleration OTIP P90,Count High Deceleration OTIP P90,% parate su tiri in porta subiti - RANK,Minuti giocati / gol subiti - RANK,Parate P90 - RANK,Passaggi portiere P90 - RANK,Rigori parati P90 - RANK,Uscite P90 - RANK,xg_blocked_p90 - RANK
8432,Pepe Reina,31/08/1982,Spain,GK,Goalkeeper,15,1350,581,0,0,0,0.0925996,0.0746207,0.0519621,0.0226341,0.4220379,0.3930025,0.0290354,-0.2342471,3.0545222,22.4388363,0,0,0,0.006173307,0.004974713,0.00346414,0.00150894,0.02813586,0.026200167,0.001935693,-0.015616473,0.203634813,1.49592242,8633,8608,REINA P.,1982,40,P,1440,0,0,0,0,0,0,0,0,0,0,0,0,0,0,0,0,0,0,0,0,0,0,0,0,40,0,0,0,1,1,0,0,0,0,0,1,1,0,0,0,485,306,0,0,0,0,0,0,0,0,0,0,0,0,0,0,0,0,2,2,9,8,6,0,0,5,5,0,0,6,1,29,1,1,0,3,0,0,33,29,28,59,5,0,6,1,243,227,80,57,0,0,0,0,0,0,0,0,0,0,0,90.42,0,0,0,0,0,0,0,0,100,75,0,100,0,56.13461538,10.3,50.88571429,93.97333333,76.91333333,73.68571429,23.08666667,0,0,0,0,0,0,0,0,0,0,0,0,0,0,0,0,0,0,0,0,0,0,0,0,2.5,0,0,0,0.0625,0.0625,0,0,0,0,0,0.0625,0.0625,0,0,0,30.3125,19.125,0,0,0,0,0,0,0,0,0,0,0,0,0,0,0,0,0.125,0.125,0.5625,0.5,0.375,0,0,0.3125,0.3125,0,0,0.375,0.0625,1.8125,0.0625,0.0625,0,0.1875,0,0,2.0625,1.8125,1.75,3.6875,0.3125,0,0.375,0.0625,15.1875,14.1875,5,3.5625,0,0,0,0,0,0,0,0,0,0,0,0,0,0,0,0,0,0,0,0,0,0,0,0,0,0,0,0,0,0,0,0,0,0,0,0,0,0,0,0,0,0,0,0,0,0,0,0,0,0,0,0,0,0,0,0,0,0,0,0,0,0,0,0,0,0,0,0,0,0,0,0,0,0,0,0,0,0,0,0,0,0,0,0,0,0,0,0,4,16,8,84,26,20,12
18383,Samir Handanovic,14/07/1984,Slovenia,GK,Goalkeeper,37,3330,1405,0,0,0,0.1819896,0.1724284,0.1018175,0.0713092,1.0772807,1.0126531,0.0646276,-0.5874825,9.086177,39.0597882,0,0,0,0.004918638,0.004660227,0.002751824,0.001927276,0.029115695,0.027369003,0.001746692,-0.015877905,0.245572351,1.055669951,6083,9494,HANDANOVIC S.,1984,38,P,3539,0,0,0,0,0,0,0,0,0,0,0,0,0,0,0,0,0,0,0,0,0,0,0,0,62,0,0,0,0,0,0,0,2,0,0,0,0,1,0,1,1165,875,0,0,0,0,0,0,0,0,0,0,0,0,0,0,0,0,3,2,13,9,10,0,0,4,4,2,1,19,2,30,0,4,0,1,0,0,99,30,67,119,4,0,19,2,669,652,245,186,0,0,0,0,0,0,0,0,0,0,0,93.19189189,0,0,0,0,0,0,0,0,66.66666667,77.27272727,0,100,50,80.19681818,0,72.99459459,97.17027027,74.50540541,76.61470588,25.49459459,0,0,0,0,0,0,0,0,0,0,0,0,0,0,0,0,0,0,0,0,0,0,0,0,1.576716587,0,0,0,0,0,0,0,0.050861825,0,0,0,0,0.025430913,0,0.025430913,29.62701328,22.2520486,0,0,0,0,0,0,0,0,0,0,0,0,0,0,0,0,0.076292738,0.050861825,0.330601865,0.228878214,0.254309127,0,0,0.101723651,0.101723651,0.050861825,0.025430913,0.483187341,0.050861825,0.762927381,0,0.101723651,0,0.025430913,0,0,2.517660356,0.762927381,1.70387115,3.02627861,0.101723651,0,0.483187341,0.050861825,17.01328059,16.58095507,6.230573608,4.73014976,0,0,0,0,0,0,0,0,0,0,0,0,0,0,0,0,0,0,0,0,0,0,0,0,0,0,0,0,0,0,0,0,0,0,0,0,0,0,0,0,0,0,0,0,0,0,0,0,0,0,0,0,0,0,0,0,0,0,0,0,0,0,0,0,0,0,0,0,0,0,0,0,0,0,0,0,0,0,0,0,0,0,0,0,0,0,0,0,84,92,28,96,26,16,20
18500,Andrea Consigli,27/01/1987,Italy,GK,Goalkeeper,37,3322,1648,0,0,0,0.3593957,0.1333259,0.0785803,0.0563034,0.8969658,0.8005213,0.0964445,-0.6874577,11.1164201,62.3006535,0,0,0,0.009736789,0.00361208,0.002128906,0.001525378,0.024300699,0.021687814,0.002612885,-0.018624682,0.301167312,1.687856356,6275,764,CONSIGLI A.,1987,35,P,3548,0,0,0,0,0,0,0,0,0,0,0,0,0,0,0,0,0,0,0,0,0,0,0,0,47,0,0,0,0,0,0,0,1,0,0,0,0,2,0,2,1305,787,0,0,0,0,0,0,0,0,0,0,0,0,0,0,0,0,8,5,31,25,22,0,0,5,4,10,9,27,3,63,2,6,0,1,0,0,113,63,70,160,9,1,27,3,642,598,258,172,0,0,0,0,0,0,0,0,0,0,0,87.37837838,0,0,0,0,0,0,0,0,64.28571429,74.55789474,0,80,93.75,65.79647059,11.4,56.32432432,93.33243243,70.88918919,64.24864865,29.11081081,0,0,0,0,0,0,0,0,0,0,0,0,0,0,0,0,0,0,0,0,0,0,0,0,1.19222097,0,0,0,0,0,0,0,0.025366404,0,0,0,0,0.050732807,0,0.050732807,33.10315671,19.96335964,0,0,0,0,0,0,0,0,0,0,0,0,0,0,0,0,0.202931229,0.126832018,0.786358512,0.63416009,0.558060879,0,0,0.126832018,0.101465614,0.253664036,0.228297632,0.684892897,0.076099211,1.598083427,0.050732807,0.152198422,0,0.025366404,0,0,2.866403608,1.598083427,1.775648253,4.058624577,0.228297632,0.025366404,0.684892897,0.076099211,16.28523112,15.16910936,6.544532131,4.363021421,0,0,0,0,0,0,0,0,0,0,0,0,0,0,0,0,0,0,0,0,0,0,0,0,0,0,0,0,0,0,0,0,0,0,0,0,0,0,0,0,0,0,0,0,0,0,0,0,0,0,0,0,0,0,0,0,0,0,0,0,0,0,0,0,0,0,0,0,0,0,0,0,0,0,0,0,0,0,0,0,0,0,0,0,0,0,0,0,16,52,52,92,60,24,48
21155,Salvatore Sirigu,12/01/1987,Italy,GK,Goalkeeper,37,3330,1364,0,0,0,0.2443124,0.2085935,0.1713364,0.0382547,1.0673443,1.0384104,0.0289339,-0.4595952,15.2601611,60.4949709,0,0,0,0.006603038,0.005637662,0.004630714,0.001033911,0.028847143,0.028065146,0.000781997,-0.012421492,0.412436786,1.634999214,7295,9473,SIRIGU S.,1987,35,P,3562,0,0,0,0,0,0,0,0,0,0,0,0,0,0,0,0,0,0,0,0,0,0,0,0,16,0,0,0,0,0,0,0,0,0,0,0,0,0,0,0,1109,555,0,0,0,0,0,0,0,0,0,0,0,0,0,0,0,0,2,2,10,7,8,0,0,1,1,4,4,30,2,59,0,3,0,0,0,0,132,59,59,179,5,1,30,2,384,345,308,236,0,0,0,0,0,0,0,0,0,0,0,85.41891892,0,0,0,0,0,0,0,0,100,83.33333333,0,100,100,57.80814815,0,70.39722222,86.26216216,50.56486486,77.23243243,49.43513514,0,0,0,0,0,0,0,0,0,0,0,0,0,0,0,0,0,0,0,0,0,0,0,0,0.404267266,0,0,0,0,0,0,0,0,0,0,0,0,0,0,0,28.02077485,14.02302077,0,0,0,0,0,0,0,0,0,0,0,0,0,0,0,0,0.050533408,0.050533408,0.252667041,0.176866929,0.202133633,0,0,0.025266704,0.025266704,0.101066816,0.101066816,0.758001123,0.050533408,1.490735542,0,0.075800112,0,0,0,0,3.335204941,1.490735542,1.490735542,4.522740034,0.12633352,0.025266704,0.758001123,0.050533408,9.702414374,8.717012914,7.782144862,5.962942167,0,0,0,0,0,0,0,0,0,0,0,0,0,0,0,0,0,0,0,0,0,0,0,0,0,0,0,0,0,0,0,0,0,0,0,0,0,0,0,0,0,0,0,0,0,0,0,0,0,0,0,0,0,0,0,0,0,0,0,0,0,0,0,0,0,0,0,0,0,0,0,0,0,0,0,0,0,0,0,0,0,0,0,0,0,0,0,0,72,28,72,44,56,4,80
38533,Rui Patrício,15/02/1988,Portugal,GK,Goalkeeper,38,3420,1226,0,0,0,0.1170499,0.0838229,0.047396,0.0374757,0.5894803,0.581314,0.0081663,-0.40131,11.1891159,43.5589251,0,0,0,0.003080261,0.002205866,0.001247263,0.000986203,0.015512639,0.015297737,0.000214903,-0.010560789,0.294450418,1.146287503,7543,9380,RUI PATRICIO,1988,34,P,3713,0,0,0,0,0,0,0,0,0,0,0,0,0,0,0,0,0,0,0,0,0,0,0,0,21,0,0,0,0,0,0,0,0,0,0,0,0,0,0,0,940,482,0,0,0,0,0,0,0,0,0,0,0,0,0,1,0,0,1,1,10,8,9,0,0,4,4,3,3,23,1,43,0,2,0,2,0,0,111,43,68,145,5,1,23,1,349,332,234,164,0,0,0,0,0,0,0,0,0,0,0,89.90540541,0,0,0,0,0,0,0,0,100,88.88888889,0,100,100,67.14478261,0,73.69459459,92.93243243,60.94324324,74.42432432,39.05675676,0,0,0,0,0,0,0,0,0,0,0,0,0,0,0,0,0,0,0,0,0,0,0,0,0.509022354,0,0,0,0,0,0,0,0,0,0,0,0,0,0,0,22.78481013,11.68327498,0,0,0,0,0,0,0,0,0,0,0,0,0,0.02423916,0,0,0.02423916,0.02423916,0.242391597,0.193913278,0.218152437,0,0,0.096956639,0.096956639,0.072717479,0.072717479,0.557500673,0.02423916,1.042283867,0,0.048478319,0,0.048478319,0,0,2.690546728,1.042283867,1.64826286,3.514678158,0.121195799,0.02423916,0.557500673,0.02423916,8.459466738,8.047401023,5.671963372,3.975222192,0,0,0,0,0,0,0,0,0,0,0,0,0,0,0,0,0,0,0,0,0,0,0,0,0,0,0,0,0,0,0,0,0,0,0,0,0,0,0,0,0,0,0,0,0,0,0,0,0,0,0,0,0,0,0,0,0,0,0,0,0,0,0,0,0,0,0,0,0,0,0,0,0,0,0,0,0,0,0,0,0,0,0,0,0,0,0,0,88,56,48,32,52,8,44
42899,Sergio Romero,22/02/1987,Argentina,GK,Goalkeeper,16,1440,705,0,0,0,0.1597795,0.1472707,0.1290806,0.0178982,0.5469356,0.5336631,0.0132725,-0.1793949,7.6825613,33.6670692,0,0,0,0.009986219,0.009204419,0.008067538,0.001118638,0.034183475,0.033353944,0.000829531,-0.011212181,0.480160081,2.104191825,10415,9770,ROMERO S.,1987,35,P,1528,0,0,0,0,0,0,0,0,0,0,0,0,0,0,0,0,0,0,0,0,0,0,0,0,12,0,0,0,1,1,0,0,0,0,0,1,1,0,0,0,530,254,0,0,0,0,0,0,0,0,0,0,0,0,0,0,0,0,2,1,13,12,9,0,0,5,4,4,3,14,2,33,1,1,0,2,0,0,76,33,49,105,6,0,14,2,167,150,124,93,0,0,0,0,0,0,0,0,0,0,0,86.925,0,0,0,0,0,0,0,0,50,74.07777778,0,83.33333333,75,48.48692308,7.4,69.51875,88.35625,55.9625,73.6875,44.0375,0,0,0,0,0,0,0,0,0,0,0,0,0,0,0,0,0,0,0,0,0,0,0,0,0.706806283,0,0,0,0.058900524,0.058900524,0,0,0,0,0,0.058900524,0.058900524,0,0,0,31.21727749,14.96073298,0,0,0,0,0,0,0,0,0,0,0,0,0,0,0,0,0.117801047,0.058900524,0.765706806,0.706806283,0.530104712,0,0,0.294502618,0.235602094,0.235602094,0.176701571,0.82460733,0.117801047,1.943717277,0.058900524,0.058900524,0,0.117801047,0,0,4.476439791,1.943717277,2.886125654,6.184554974,0.353403141,0,0.82460733,0.117801047,9.836387435,8.835078534,7.303664921,5.477748691,0,0,0,0,0,0,0,0,0,0,0,0,0,0,0,0,0,0,0,0,0,0,0,0,0,0,0,0,0,0,0,0,0,0,0,0,0,0,0,0,0,0,0,0,0,0,0,0,0,0,0,0,0,0,0,0,0,0,0,0,0,0,0,0,0,0,0,0,0,0,0,0,0,0,0,0,0,0,0,0,0,0,0,0,0,0,0,0,68,4,100,48,26,92,100
48844,David Ospina,31/08/1988,Colombia,GK,Goalkeeper,31,2790,1117,0,0,0,0.1343604,0.1243513,0.0868193,0.0389715,0.8354362,0.7776659,0.0577703,-0.5032697,7.6967859,27.362846,0,0,0,0.004334206,0.004011332,0.002800623,0.001257145,0.026949555,0.025085997,0.001863558,-0.016234506,0.248283416,0.882672452,7713,2478,OSPINA D.,1988,34,P,2989,0,0,0,0,0,0,0,0,0,0,0,0,0,0,0,0,0,0,0,0,0,0,0,0,72,0,0,0,0,0,0,0,1,0,0,0,0,0,0,0,879,552,0,0,0,0,0,0,0,0,0,0,0,0,0,0,1,1,0,0,21,11,20,0,0,9,9,1,0,16,1,25,0,10,0,1,0,0,87,25,70,105,1,0,16,1,510,488,145,105,0,0,0,0,0,0,0,0,0,0,0,91.97096774,0,0,0,0,0,0,0,100,0,94.11764706,0,100,0,83.59222222,0,78.92413793,94.78709677,77.5516129,68.20322581,22.4483871,0,0,0,0,0,0,0,0,0,0,0,0,0,0,0,0,0,0,0,0,0,0,0,0,2.167949147,0,0,0,0,0,0,0,0.030110405,0,0,0,0,0,0,0,26.46704583,16.62094346,0,0,0,0,0,0,0,0,0,0,0,0,0,0,0.030110405,0.030110405,0,0,0.632318501,0.331214453,0.602208096,0,0,0.270993643,0.270993643,0.030110405,0,0.481766477,0.030110405,0.75276012,0,0.301104048,0,0.030110405,0,0,2.619605219,0.75276012,2.107728337,3.161592506,0.030110405,0,0.481766477,0.030110405,15.35630646,14.69387755,4.366008699,3.161592506,0,0,0,0,0,0,0,0,0,0,0,0,0,0,0,0,0,0,0,0,0,0,0,0,0,0,0,0,0,0,0,0,0,0,0,0,0,0,0,0,0,0,0,0,0,0,0,0,0,0,0,0,0,0,0,0,0,0,0,0,0,0,0,0,0,0,0,0,0,0,0,0,0,0,0,0,0,0,0,0,0,0,0,0,0,0,0,0,92,96,36,88,26,44,24
48860,Niki Mäenpää,23/01/1985,Finland,GK,Goalkeeper,17,1485,613,0,0,0,0.3838901,0.3495086,0.3349533,0.0149834,0.4921458,0.4821408,0.010005,-0.1612345,7.7239972,34.048863,0,0,0,0.023266067,0.021182339,0.0203002,0.000908085,0.029827018,0.029220655,0.000606364,-0.009771788,0.468121042,2.063567455,10939,8058,MAENPAA N.,1985,37,P,1601,0,0,0,0,0,0,0,0,0,0,0,0,0,0,0,0,0,0,0,0,0,0,0,0,2,0,0,0,1,1,0,0,0,0,0,1,1,0,0,0,484,212,0,0,0,0,0,0,0,0,0,0,0,0,0,0,0,0,1,1,12,11,8,0,0,5,4,4,3,9,2,27,1,1,0,1,0,0,62,27,41,84,6,0,9,2,125,113,128,84,0,0,0,0,0,0,0,0,0,0,0,82.18235294,0,0,0,0,0,0,0,0,100,70.8375,0,87.5,66.66666667,64.666875,5.6,59.41764706,92.86875,46.32352941,63.22941176,53.67647059,0,0,0,0,0,0,0,0,0,0,0,0,0,0,0,0,0,0,0,0,0,0,0,0,0.112429731,0,0,0,0.056214866,0.056214866,0,0,0,0,0,0.056214866,0.056214866,0,0,0,27.207995,11.91755153,0,0,0,0,0,0,0,0,0,0,0,0,0,0,0,0,0.056214866,0.056214866,0.674578389,0.618363523,0.449718926,0,0,0.281074329,0.224859463,0.224859463,0.168644597,0.505933791,0.112429731,1.517801374,0.056214866,0.056214866,0,0.056214866,0,0,3.485321674,1.517801374,2.304809494,4.72204872,0.337289194,0,0.505933791,0.112429731,7.026858214,6.352279825,7.195502811,4.72204872,0,0,0,0,0,0,0,0,0,0,0,0,0,0,0,0,0,0,0,0,0,0,0,0,0,0,0,0,0,0,0,0,0,0,0,0,0,0,0,0,0,0,0,0,0,0,0,0,0,0,0,0,0,0,0,0,0,0,0,0,0,0,0,0,0,0,0,0,0,0,0,0,0,0,0,0,0,0,0,0,0,0,0,0,0,0,0,0,32,40,80,16,26,48,92
56486,Marco Silvestri,02/03/1991,Italy,GK,Goalkeeper,35,3150,1085,0,0,0,0.1553787,0.1320797,0.103925,0.0297944,0.8312681,0.800591,0.0306771,-0.3935454,10.5775827,48.2272604,0,0,0,0.004439391,0.003773706,0.002969286,0.000851269,0.023750517,0.022874029,0.000876489,-0.011244154,0.302216649,1.377921726,14079,6809,SILVESTRI M.,1991,31,P,3374,0,0,0,0,0,0,0,0,0,0,0,0,0,0,0,0,0,0,0,0,0,0,0,0,17,0,0,0,2,0,0,0,0,0,0,0,0,0,0,0,866,393,0,0,0,0,0,0,0,0,0,0,0,0,0,0,1,1,2,1,19,12,17,0,0,7,7,1,1,17,2,50,1,7,0,1,0,0,94,50,62,138,6,0,17,2,223,210,266,187,0,0,0,0,0,0,0,0,0,0,0,85.62857143,0,0,0,0,0,0,0,100,50,86.66666667,0,100,100,69.61,12.7,63.42,93.49705882,45.39428571,64.79142857,54.60571429,0,0,0,0,0,0,0,0,0,0,0,0,0,0,0,0,0,0,0,0,0,0,0,0,0.453467694,0,0,0,0.05334914,0,0,0,0,0,0,0,0,0,0,0,23.10017783,10.48310611,0,0,0,0,0,0,0,0,0,0,0,0,0,0,0.02667457,0.02667457,0.05334914,0.02667457,0.506816835,0.320094843,0.453467694,0,0,0.186721992,0.186721992,0.02667457,0.02667457,0.453467694,0.05334914,1.333728512,0.02667457,0.186721992,0,0.02667457,0,0,2.507409603,1.333728512,1.653823355,3.681090694,0.160047421,0,0.453467694,0.05334914,5.948429164,5.601659751,7.095435685,4.988144635,0,0,0,0,0,0,0,0,0,0,0,0,0,0,0,0,0,0,0,0,0,0,0,0,0,0,0,0,0,0,0,0,0,0,0,0,0,0,0,0,0,0,0,0,0,0,0,0,0,0,0,0,0,0,0,0,0,0,0,0,0,0,0,0,0,0,0,0,0,0,0,0,0,0,0,0,0,0,0,0,0,0,0,0,0,0,0,0,36,64,24,12,26,12,52
59326,Luigi Sepe,08/05/1991,Italy,GK,Goalkeeper,16,1394,647,0,0,0,0.2079966,0.1585872,0.1403765,0.0182108,0.9248509,0.9062329,0.018618,-0.2958245,5.6302588,24.2372401,0,0,0,0.013428762,0.010238772,0.009063045,0.001175733,0.059710603,0.05850858,0.001202023,-0.019099143,0.363503079,1.564814641,6398,6410,SEPE L.,1991,31,P,1495,0,0,0,0,0,0,0,0,0,0,0,0,0,0,0,0,0,0,0,0,0,0,0,0,21,0,0,0,0,0,0,0,2,0,0,0,0,0,0,0,529,239,0,0,0,0,0,0,0,0,0,0,0,0,0,0,0,0,1,0,10,7,10,0,0,3,3,3,3,11,0,24,0,3,0,2,0,0,55,24,40,78,3,0,11,0,132,125,187,145,0,0,0,0,0,0,0,0,0,0,0,86.35,0,0,0,0,0,0,0,0,0,100,0,100,100,72.11333333,0,64.6125,92.8125,40.9875,78.3,59.0125,0,0,0,0,0,0,0,0,0,0,0,0,0,0,0,0,0,0,0,0,0,0,0,0,1.264214047,0,0,0,0,0,0,0,0.120401338,0,0,0,0,0,0,0,31.84615385,14.38795987,0,0,0,0,0,0,0,0,0,0,0,0,0,0,0,0,0.060200669,0,0.602006689,0.421404682,0.602006689,0,0,0.180602007,0.180602007,0.180602007,0.180602007,0.662207358,0,1.444816054,0,0.180602007,0,0.120401338,0,0,3.311036789,1.444816054,2.408026756,4.695652174,0.180602007,0,0.662207358,0,7.946488294,7.525083612,11.25752508,8.72909699,0,0,0,0,0,0,0,0,0,0,0,0,0,0,0,0,0,0,0,0,0,0,0,0,0,0,0,0,0,0,0,0,0,0,0,0,0,0,0,0,0,0,0,0,0,0,0,0,0,0,0,0,0,0,0,0,0,0,0,0,0,0,0,0,0,0,0,0,0,0,0,0,0,0,0,0,0,0,0,0,0,0,0,0,0,0,0,0,40,76,68,28,26,56,64
59936,Wojciech Szczesny,18/04/1990,Poland,GK,Goalkeeper,33,2970,1145,0,0,0,0.1265274,0.0977557,0.0587674,0.0400937,0.6303751,0.5985698,0.0318053,-0.420208,8.4106502,34.6336438,0,0,0,0.003834164,0.002962294,0.00178083,0.001214961,0.019102276,0.018138479,0.000963797,-0.012733576,0.254868188,1.049504358,7968,10903,SZCZESNY W.,1990,32,P,3181,0,0,0,0,0,0,0,0,0,0,0,0,0,0,0,0,0,0,0,0,0,0,0,0,33,1,0,0,3,0,1,0,1,0,0,0,0,1,1,0,926,547,0,0,0,0,0,0,0,0,0,0,0,0,0,0,2,2,3,3,18,14,13,0,0,6,6,1,1,11,6,29,2,4,0,2,0,0,79,29,69,104,6,3,11,6,451,430,169,120,0,0,0,0,0,0,0,0,0,0,0,90.18181818,0,0,0,0,0,0,0,100,100,82.04615385,0,100,100,79.99190476,4.8,65.70333333,94.73030303,72.2969697,67.65,27.7030303,0,0,0,0,0,0,0,0,0,0,0,0,0,0,0,0,0,0,0,0,0,0,0,0,0.933668658,0.02829299,0,0,0.084878969,0,0.02829299,0,0.02829299,0,0,0,0,0.02829299,0.02829299,0,26.19930839,15.47626533,0,0,0,0,0,0,0,0,0,0,0,0,0,0,0.056585979,0.056585979,0.084878969,0.084878969,0.509273813,0.396101855,0.367808865,0,0,0.169757938,0.169757938,0.02829299,0.02829299,0.311222886,0.169757938,0.820496699,0.056585979,0.113171959,0,0.056585979,0,0,2.23514618,0.820496699,1.952216284,2.942470921,0.169757938,0.084878969,0.311222886,0.169757938,12.76013832,12.16598554,4.781515247,3.395158755,0,0,0,0,0,0,0,0,0,0,0,0,0,0,0,0,0,0,0,0,0,0,0,0,0,0,0,0,0,0,0,0,0,0,0,0,0,0,0,0,0,0,0,0,0,0,0,0,0,0,0,0,0,0,0,0,0,0,0,0,0,0,0,0,0,0,0,0,0,0,0,0,0,0,0,0,0,0,0,0,0,0,0,0,0,0,0,0,48,88,16,64,96,36,28
60066,Vid Belec,06/06/1990,Slovenia,GK,Goalkeeper,23,1936,700,0,0,0,0.2059282,0.174573,0.1640636,0.0131791,0.6020558,0.5922374,0.0098184,-0.1816474,10.0279011,42.9994045,0,0,0,0.009573108,0.00811548,0.007626924,0.000612665,0.027988131,0.027531697,0.000456434,-0.008444352,0.466173088,1.998939259,9000,10695,BELEC V.,1990,32,P,2101,0,0,0,0,0,0,0,0,0,0,0,0,0,0,0,0,0,0,0,0,0,0,0,0,8,0,0,0,0,0,0,0,0,0,0,0,0,0,0,0,537,182,0,0,0,0,0,0,0,0,0,0,0,0,0,1,1,1,1,1,6,5,4,0,0,1,1,1,1,14,1,49,1,1,0,1,0,0,89,49,44,136,5,1,14,1,94,84,155,108,0,0,0,0,0,0,0,0,0,0,0,85.23043478,0,0,0,0,0,0,0,100,100,83.325,0,100,100,53.779,7.8,66.26666667,77.505,34.97391304,65.92608696,65.02608696,0,0,0,0,0,0,0,0,0,0,0,0,0,0,0,0,0,0,0,0,0,0,0,0,0.342693955,0,0,0,0,0,0,0,0,0,0,0,0,0,0,0,23.00333175,7.796287482,0,0,0,0,0,0,0,0,0,0,0,0,0,0.042836744,0.042836744,0.042836744,0.042836744,0.042836744,0.257020466,0.214183722,0.171346978,0,0,0.042836744,0.042836744,0.042836744,0.042836744,0.599714422,0.042836744,2.099000476,0.042836744,0.042836744,0,0.042836744,0,0,3.812470252,2.099000476,1.884816754,5.825797239,0.214183722,0.042836744,0.599714422,0.042836744,4.026653974,3.59828653,6.639695383,4.626368396,0,0,0,0,0,0,0,0,0,0,0,0,0,0,0,0,0,0,0,0,0,0,0,0,0,0,0,0,0,0,0,0,0,0,0,0,0,0,0,0,0,0,0,0,0,0,0,0,0,0,0,0,0,0,0,0,0,0,0,0,0,0,0,0,0,0,0,0,0,0,0,0,0,0,0,0,0,0,0,0,0,0,0,0,0,0,0,0,56,8,92,4,84,32,88
61824,Etrit Berisha,10/03/1989,Albania,GK,Goalkeeper,10,900,374,0,0,0,0.0908066,0.0805637,0.071563,0.0090007,0.2559708,0.2463438,0.009627,-0.14045,3.0727822,11.7960435,0,0,0,0.00908066,0.00805637,0.0071563,0.00090007,0.02559708,0.02463438,0.0009627,-0.014045,0.30727822,1.17960435,6137,3191,BERISHA E.,1989,33,P,963,0,0,0,0,0,0,0,0,0,0,0,0,0,0,0,0,0,0,0,0,0,0,0,0,2,0,0,0,0,0,0,0,0,0,0,0,0,0,0,0,302,124,0,0,0,0,0,0,0,0,0,0,0,0,0,0,0,0,1,0,8,5,7,0,0,2,2,1,1,10,2,8,1,3,0,1,0,0,32,8,42,40,3,1,10,2,80,73,86,62,0,0,0,0,0,0,0,0,0,0,0,85.89,0,0,0,0,0,0,0,0,0,85.71428571,0,100,100,85.22166667,3.9,80.83,89.64,47.42,70.9,52.58,0,0,0,0,0,0,0,0,0,0,0,0,0,0,0,0,0,0,0,0,0,0,0,0,0.186915888,0,0,0,0,0,0,0,0,0,0,0,0,0,0,0,28.22429907,11.58878505,0,0,0,0,0,0,0,0,0,0,0,0,0,0,0,0,0.093457944,0,0.747663551,0.46728972,0.654205607,0,0,0.186915888,0.186915888,0.093457944,0.093457944,0.934579439,0.186915888,0.747663551,0.093457944,0.280373832,0,0.093457944,0,0,2.990654206,0.747663551,3.925233645,3.738317757,0.280373832,0.093457944,0.934579439,0.186915888,7.476635514,6.822429907,8.037383178,5.794392523,0,0,0,0,0,0,0,0,0,0,0,0,0,0,0,0,0,0,0,0,0,0,0,0,0,0,0,0,0,0,0,0,0,0,0,0,0,0,0,0,0,0,0,0,0,0,0,0,0,0,0,0,0,0,0,0,0,0,0,0,0,0,0,0,0,0,0,0,0,0,0,0,0,0,0,0,0,0,0,0,0,0,0,0,0,0,0,0,96,100,60,24,100,96,56
79583,Pietro Terracciano,08/03/1990,Italy,GK,Goalkeeper,32,2860,1674,0,0,0,0.2451741,0.2139315,0.1432224,0.0718403,1.1188173,1.0283832,0.0904341,-0.8956828,7.6241264,35.0757076,0,0,0,0.007715269,0.00673211,0.004506999,0.002260709,0.035207537,0.032361709,0.002845828,-0.028185822,0.239920062,1.103781008,9194,8706,TERRACCIANO P.,1990,32,P,3058,0,0,0,0,0,0,0,0,0,0,0,0,0,0,0,0,0,0,0,0,0,0,0,0,31,0,0,0,0,0,0,0,1,0,0,0,0,0,0,0,1450,1027,0,0,0,0,0,0,0,0,0,0,0,0,0,0,1,1,7,6,31,25,22,0,0,12,10,5,4,16,1,43,0,6,0,0,0,0,61,43,141,97,3,1,16,1,756,726,356,260,0,0,0,0,0,0,0,0,0,0,0,90.371875,0,0,0,0,0,0,0,100,83.33333333,75,0,81.81818182,80,67.73913043,0,57.58214286,95.646875,67.98125,73.15625,32.01875,0,0,0,0,0,0,0,0,0,0,0,0,0,0,0,0,0,0,0,0,0,0,0,0,0.91236102,0,0,0,0,0,0,0,0.029431001,0,0,0,0,0,0,0,42.67495095,30.22563767,0,0,0,0,0,0,0,0,0,0,0,0,0,0,0.029431001,0.029431001,0.206017005,0.176586004,0.91236102,0.735775016,0.647482014,0,0,0.353172008,0.294310007,0.147155003,0.117724003,0.47089601,0.029431001,1.265533028,0,0.176586004,0,0,0,0,1.79529104,1.265533028,4.149771092,2.854807063,0.088293002,0.029431001,0.47089601,0.029431001,22.24983649,21.36690647,10.47743623,7.65206017,0,0,0,0,0,0,0,0,0,0,0,0,0,0,0,0,0,0,0,0,0,0,0,0,0,0,0,0,0,0,0,0,0,0,0,0,0,0,0,0,0,0,0,0,0,0,0,0,0,0,0,0,0,0,0,0,0,0,0,0,0,0,0,0,0,0,0,0,0,0,0,0,0,0,0,0,0,0,0,0,0,0,0,0,0,0,0,0,20,60,4,100,72,100,16
85288,Lukasz Skorupski,05/05/1991,Poland,GK,Goalkeeper,36,3240,1466,0,0,0,0.127574,0.1024918,0.0608286,0.0429777,0.7606741,0.7372081,0.023466,-0.592868,14.1777142,54.992795,0,0,0,0.003543722,0.002846994,0.001689683,0.001193825,0.021129836,0.020478003,0.000651833,-0.016468556,0.393825394,1.527577639,6966,6494,SKORUPSKI L.,1991,31,P,3471,0,0,0,0,0,0,0,0,0,0,0,0,0,0,0,0,0,0,0,0,0,0,0,0,19,0,0,0,0,0,0,0,0,0,0,0,0,1,0,1,1139,590,0,0,0,0,0,0,0,0,0,0,0,0,0,0,2,2,5,3,36,31,28,1,0,18,16,4,3,23,2,53,2,5,0,4,0,0,129,53,101,173,9,1,23,2,397,363,281,205,0,0,0,0,0,0,0,0,0,0,0,88.51666667,0,0,0,0,0,0,0,100,60,77.27272727,0,85.71428571,75,59.59041667,11.2,71.38285714,92.03611111,60.15555556,75.09428571,39.84444444,0,0,0,0,0,0,0,0,0,0,0,0,0,0,0,0,0,0,0,0,0,0,0,0,0.492653414,0,0,0,0,0,0,0,0,0,0,0,0,0.025929127,0,0.025929127,29.53327571,15.29818496,0,0,0,0,0,0,0,0,0,0,0,0,0,0,0.051858254,0.051858254,0.129645635,0.077787381,0.933448574,0.803802939,0.726015557,0.025929127,0,0.466724287,0.414866033,0.103716508,0.077787381,0.596369922,0.051858254,1.374243734,0.051858254,0.129645635,0,0.103716508,0,0,3.34485739,1.374243734,2.618841832,4.48573898,0.233362143,0.025929127,0.596369922,0.051858254,10.29386344,9.41227312,7.286084702,5.315471046,0,0,0,0,0,0,0,0,0,0,0,0,0,0,0,0,0,0,0,0,0,0,0,0,0,0,0,0,0,0,0,0,0,0,0,0,0,0,0,0,0,0,0,0,0,0,0,0,0,0,0,0,0,0,0,0,0,0,0,0,0,0,0,0,0,0,0,0,0,0,0,0,0,0,0,0,0,0,0,0,0,0,0,0,0,0,0,0,76,32,76,52,64,68,76
105133,Alessio Cragno,28/06/1994,Italy,GK,Goalkeeper,35,3150,1397,0,0,0,0.386802,0.2853275,0.2495055,0.0371243,1.3196977,1.2879669,0.0317308,-0.5272278,16.7687914,62.4325779,0,0,0,0.011051486,0.008152214,0.007128729,0.001060694,0.037705649,0.036799054,0.000906594,-0.015063651,0.479108326,1.78378794,6425,477,CRAGNO A.,1994,28,P,3396,0,0,0,0,0,0,0,0,0,0,0,0,0,0,0,0,0,0,0,0,0,0,0,0,16,0,0,0,0,0,0,0,0,0,0,0,0,0,0,0,1139,506,0,0,0,0,0,0,0,0,0,0,0,0,0,0,0,0,2,1,21,13,18,0,0,4,4,6,5,27,1,63,1,8,0,3,0,0,113,63,99,168,8,2,27,1,269,234,368,285,0,0,0,0,0,0,0,0,0,0,0,86.22,0,0,0,0,0,0,0,0,50,91.66666667,0,100,83.33333333,65.06,7,59.30571429,83.74285714,44.03142857,77.88857143,55.96857143,0,0,0,0,0,0,0,0,0,0,0,0,0,0,0,0,0,0,0,0,0,0,0,0,0.424028269,0,0,0,0,0,0,0,0,0,0,0,0,0,0,0,30.18551237,13.40989399,0,0,0,0,0,0,0,0,0,0,0,0,0,0,0,0,0.053003534,0.026501767,0.556537102,0.344522968,0.477031802,0,0,0.106007067,0.106007067,0.159010601,0.132508834,0.715547703,0.026501767,1.669611307,0.026501767,0.212014134,0,0.0795053,0,0,2.994699647,1.669611307,2.623674912,4.45229682,0.212014134,0.053003534,0.715547703,0.026501767,7.128975265,6.201413428,9.752650177,7.553003534,0,0,0,0,0,0,0,0,0,0,0,0,0,0,0,0,0,0,0,0,0,0,0,0,0,0,0,0,0,0,0,0,0,0,0,0,0,0,0,0,0,0,0,0,0,0,0,0,0,0,0,0,0,0,0,0,0,0,0,0,0,0,0,0,0,0,0,0,0,0,0,0,0,0,0,0,0,0,0,0,0,0,0,0,0,0,0,0,28,48,64,20,92,72,96
121537,Juan Musso,06/05/1994,Argentina,GK,Goalkeeper,33,2932,1098,0,0,0,0.1622317,0.1492016,0.1164825,0.0346635,0.6551244,0.629577,0.0255474,-0.4026685,9.4045239,40.1028865,0,0,0,0.004979827,0.004579858,0.00357552,0.001064023,0.020109548,0.019325351,0.000784197,-0.01236022,0.28867911,1.230989013,16872,14085,MUSSO J.,1994,28,P,3124,0,0,0,0,0,0,0,0,0,0,0,0,0,0,0,0,0,0,0,0,0,0,0,0,30,0,0,0,0,0,0,0,0,0,0,0,0,0,0,0,896,447,0,0,0,0,0,0,0,0,0,0,0,0,0,0,1,1,5,4,16,15,9,0,0,3,3,3,3,22,3,42,3,1,0,1,1,0,85,42,98,118,4,0,22,3,366,335,163,116,0,0,0,0,0,0,0,0,0,0,0,87.32121212,0,0,0,0,0,0,0,100,80,66.66666667,0,100,100,70.06,18.46666667,65.46969697,90.33030303,68.34545455,67.234375,31.65454545,0,0,0,0,0,0,0,0,0,0,0,0,0,0,0,0,0,0,0,0,0,0,0,0,0.864276569,0,0,0,0,0,0,0,0,0,0,0,0,0,0,0,25.81306018,12.87772087,0,0,0,0,0,0,0,0,0,0,0,0,0,0,0.028809219,0.028809219,0.144046095,0.115236876,0.460947503,0.432138284,0.259282971,0,0,0.086427657,0.086427657,0.086427657,0.086427657,0.633802817,0.086427657,1.209987196,0.086427657,0.028809219,0,0.028809219,0.028809219,0,2.448783611,1.209987196,2.823303457,3.399487836,0.115236876,0,0.633802817,0.086427657,10.54417414,9.651088348,4.695902689,3.341869398,0,0,0,0,0,0,0,0,0,0,0,0,0,0,0,0,0,0,0,0,0,0,0,0,0,0,0,0,0,0,0,0,0,0,0,0,0,0,0,0,0,0,0,0,0,0,0,0,0,0,0,0,0,0,0,0,0,0,0,0,0,0,0,0,0,0,0,0,0,0,0,0,0,0,0,0,0,0,0,0,0,0,0,0,0,0,0,0,44,68,20,56,26,80,40
126486,Wladimiro Falcone,12/04/1995,Italy,GK,Goalkeeper,10,855,420,0,0,0,0.0435596,0.0404928,0.0180939,0.0223991,0.2047099,0.1950766,0.0096333,-0.1330596,3.6271844,13.7910095,0,0,0,0.004585221,0.0042624,0.001904621,0.0023578,0.021548411,0.020534379,0.001014032,-0.014006274,0.381808884,1.451685211,12544,14137,FALCONE W.,1995,27,P,910,0,0,0,0,0,0,0,0,0,0,0,0,0,0,0,0,0,0,0,0,0,0,0,0,3,0,0,0,0,0,0,0,0,0,0,0,0,0,0,0,340,176,0,0,0,0,0,0,0,0,0,0,0,0,0,0,0,0,0,0,7,6,7,0,0,3,3,3,3,12,0,14,0,1,0,2,0,0,42,14,25,55,1,0,12,0,139,130,76,54,0,0,0,0,0,0,0,0,0,0,0,86.54,0,0,0,0,0,0,0,0,0,100,0,100,100,63.11857143,0,71.46,92.2,65.51,71.25555556,34.49,0,0,0,0,0,0,0,0,0,0,0,0,0,0,0,0,0,0,0,0,0,0,0,0,0.296703297,0,0,0,0,0,0,0,0,0,0,0,0,0,0,0,33.62637363,17.40659341,0,0,0,0,0,0,0,0,0,0,0,0,0,0,0,0,0,0,0.692307692,0.593406593,0.692307692,0,0,0.296703297,0.296703297,0.296703297,0.296703297,1.186813187,0,1.384615385,0,0.098901099,0,0.197802198,0,0,4.153846154,1.384615385,2.472527473,5.43956044,0.098901099,0,1.186813187,0,13.74725275,12.85714286,7.516483516,5.340659341,0,0,0,0,0,0,0,0,0,0,0,0,0,0,0,0,0,0,0,0,0,0,0,0,0,0,0,0,0,0,0,0,0,0,0,0,0,0,0,0,0,0,0,0,0,0,0,0,0,0,0,0,0,0,0,0,0,0,0,0,0,0,0,0,0,0,0,0,0,0,0,0,0,0,0,0,0,0,0,0,0,0,0,0,0,0,0,0,80,36,96,72,26,60,68
129487,Mike Maignan,03/07/1995,France,GK,Goalkeeper,32,2880,1299,0,0,0,0.3751256,0.3586745,0.3106325,0.0475647,1.3844944,1.2701551,0.1143393,-0.581763,6.2708853,27.5076196,0,0,0,0.011722675,0.011208578,0.009707266,0.001486397,0.04326545,0.039692347,0.003573103,-0.018180094,0.195965166,0.859613112,21438,7604,MAIGNAN M.,1995,27,P,3090,0,0,0,0,0,0,0,0,0,0,0,0,0,0,0,0,0,0,0,0,0,0,0,0,50,0,0,0,2,1,0,0,1,1,0,2,2,1,0,1,1058,658,0,0,0,0,0,0,0,0,0,0,0,0,0,0,2,0,1,0,21,13,17,0,0,6,4,4,4,24,2,21,0,8,0,1,0,0,92,21,91,101,2,0,24,2,495,479,275,193,0,0,0,0,0,0,0,0,0,0,0,89.184375,0,0,0,0,0,0,0,0,0,84.09090909,0,66.66666667,100,79.41133333,0,81.29032258,97.128125,64.915625,70.559375,35.084375,0,0,0,0,0,0,0,0,0,0,0,0,0,0,0,0,0,0,0,0,0,0,0,0,1.45631068,0,0,0,0.058252427,0.029126214,0,0,0.029126214,0.029126214,0,0.058252427,0.058252427,0.029126214,0,0.029126214,30.81553398,19.16504854,0,0,0,0,0,0,0,0,0,0,0,0,0,0,0.058252427,0,0.029126214,0,0.611650485,0.378640777,0.495145631,0,0,0.174757282,0.116504854,0.116504854,0.116504854,0.699029126,0.058252427,0.611650485,0,0.233009709,0,0.029126214,0,0,2.67961165,0.611650485,2.650485437,2.941747573,0.058252427,0,0.699029126,0.058252427,14.41747573,13.95145631,8.009708738,5.621359223,0,0,0,0,0,0,0,0,0,0,0,0,0,0,0,0,0,0,0,0,0,0,0,0,0,0,0,0,0,0,0,0,0,0,0,0,0,0,0,0,0,0,0,0,0,0,0,0,0,0,0,0,0,0,0,0,0,0,0,0,0,0,0,0,0,0,0,0,0,0,0,0,0,0,0,0,0,0,0,0,0,0,0,0,0,0,0,0,100,84,44,76,26,76,8
140200,Thomas Strakosha,19/03/1995,Albania,GK,Goalkeeper,23,2070,825,0,0,0,0.1156693,0.1122781,0.0827161,0.0295619,0.6591763,0.6242873,0.034889,-0.3829418,5.9547907,27.1701954,0,0,0,0.0050291,0.004881657,0.003596352,0.0012853,0.028659839,0.027142926,0.001516913,-0.016649643,0.258903943,1.181312843,6142,13293,STRAKOSHA T.,1995,27,P,2208,0,0,0,0,0,0,0,0,0,0,0,0,0,0,0,0,0,0,0,0,0,0,0,0,40,1,0,0,1,0,0,0,0,0,0,0,0,0,0,0,667,433,0,0,0,0,0,0,0,0,0,0,0,0,0,0,1,1,1,0,12,12,10,0,0,5,5,4,3,6,1,29,2,0,0,2,0,0,62,29,49,84,1,0,6,1,359,331,132,100,0,0,0,0,0,0,0,0,0,0,0,90.14347826,0,0,0,0,0,0,0,100,0,85,0,100,75,65.020625,10.9,68.34347826,91.9826087,73.49130435,75.36956522,26.50869565,0,0,0,0,0,0,0,0,0,0,0,0,0,0,0,0,0,0,0,0,0,0,0,0,1.630434783,0.04076087,0,0,0.04076087,0,0,0,0,0,0,0,0,0,0,0,27.1875,17.64945652,0,0,0,0,0,0,0,0,0,0,0,0,0,0,0.04076087,0.04076087,0.04076087,0,0.489130435,0.489130435,0.407608696,0,0,0.203804348,0.203804348,0.163043478,0.122282609,0.244565217,0.04076087,1.182065217,0.081521739,0,0,0.081521739,0,0,2.527173913,1.182065217,1.997282609,3.423913043,0.04076087,0,0.244565217,0.04076087,14.63315217,13.49184783,5.380434783,4.076086957,0,0,0,0,0,0,0,0,0,0,0,0,0,0,0,0,0,0,0,0,0,0,0,0,0,0,0,0,0,0,0,0,0,0,0,0,0,0,0,0,0,0,0,0,0,0,0,0,0,0,0,0,0,0,0,0,0,0,0,0,0,0,0,0,0,0,0,0,0,0,0,0,0,0,0,0,0,0,0,0,0,0,0,0,0,0,0,0,60,44,32,80,26,40,36
151923,Ivan Provedel,17/03/1994,Italy,GK,Goalkeeper,31,2762,1394,0.0170094,0.0170094,0.017009364,0.3137817,0.2203695,0.1971498,0.0413307,1.0485369,0.9990253,0.0495116,-0.4880563,11.7259217,56.5044229,0.000554253,0.000554253,0.000554252,0.010224603,0.007180759,0.006424143,0.001346764,0.034166662,0.032553323,0.00161334,-0.015903355,0.382090135,1.841201325,6770,14121,PROVEDEL I.,1994,28,P,2973,0,0,0,0,0,0,0,0,0,0,0,0,0,0,0,0,0,0,0,0,0,0,0,0,45,0,0,0,0,0,0,0,0,0,0,0,0,0,0,0,1076,551,0,0,0,0,0,0,0,0,0,0,0,0,0,1,0,0,3,2,15,11,11,0,0,5,5,1,1,16,3,52,2,4,0,2,0,0,117,52,84,156,10,0,16,3,319,298,364,230,0,0,0,0,0,0,0,0,0,0,0,81.03666667,0,0,0,0,0,0,0,0,66.66666667,79.16666667,0,100,100,56.41666667,10.8,68.79666667,92.11333333,46.21,64.53666667,53.79,0,0,0,0,0,0,0,0,0,0,0,0,0,0,0,0,0,0,0,0,0,0,0,0,1.362260343,0,0,0,0,0,0,0,0,0,0,0,0,0,0,0,32.57315843,16.68012109,0,0,0,0,0,0,0,0,0,0,0,0,0,0.030272452,0,0,0.090817356,0.060544904,0.454086781,0.332996973,0.332996973,0,0,0.15136226,0.15136226,0.030272452,0.030272452,0.484359233,0.090817356,1.574167508,0.060544904,0.121089808,0,0.060544904,0,0,3.541876892,1.574167508,2.542885974,4.722502523,0.302724521,0,0.484359233,0.090817356,9.65691221,9.021190716,11.01917255,6.962663976,0,0,0,0,0,0,0,0,0,0,0,0,0,0,0,0,0,0,0,0,0,0,0,0,0,0,0,0,0,0,0,0,0,0,0,0,0,0,0,0,0,0,0,0,0,0,0,0,0,0,0,0,0,0,0,0,0,0,0,0,0,0,0,0,0,0,0,0,0,0,0,0,0,0,0,0,0,0,0,0,0,0,0,0,0,0,0,0,64,20,84,40,26,64,72
156245,Lorenzo Montipò,20/02/1996,Italy,GK,Goalkeeper,34,3060,1133,0,0,0,0.2481343,0.2212434,0.189784,0.0330204,0.8630153,0.8506401,0.0123752,-0.5303194,8.6982385,44.5234728,0,0,0,0.007298068,0.006507159,0.005581882,0.000971188,0.025382803,0.025018826,0.000363976,-0.015597629,0.255830544,1.309513906,11608,19966,MONTIPO' L.,1996,26,P,3267,0,0,0,0,0,0,0,0,0,0,0,0,0,0,0,0,0,0,0,0,0,0,0,0,23,0,0,0,0,0,0,0,1,0,0,0,0,0,0,0,931,446,0,0,0,0,0,0,0,0,0,0,0,0,0,0,1,1,0,0,19,14,16,0,0,12,10,1,0,20,2,50,0,5,0,1,0,0,97,50,68,137,3,1,20,2,175,148,351,247,0,0,0,0,0,0,0,0,0,0,0,81.21470588,0,0,0,0,0,0,0,100,0,77.27272727,0,75,0,70.66066667,0,58.60882353,82.66470588,33.91176471,70.76764706,66.08823529,0,0,0,0,0,0,0,0,0,0,0,0,0,0,0,0,0,0,0,0,0,0,0,0,0.633608815,0,0,0,0,0,0,0,0.027548209,0,0,0,0,0,0,0,25.64738292,12.28650138,0,0,0,0,0,0,0,0,0,0,0,0,0,0,0.027548209,0.027548209,0,0,0.523415978,0.385674931,0.44077135,0,0,0.330578512,0.275482094,0.027548209,0,0.550964187,0.055096419,1.377410468,0,0.137741047,0,0.027548209,0,0,2.672176309,1.377410468,1.873278237,3.774104683,0.082644628,0.027548209,0.550964187,0.055096419,4.820936639,4.077134986,9.669421488,6.804407713,0,0,0,0,0,0,0,0,0,0,0,0,0,0,0,0,0,0,0,0,0,0,0,0,0,0,0,0,0,0,0,0,0,0,0,0,0,0,0,0,0,0,0,0,0,0,0,0,0,0,0,0,0,0,0,0,0,0,0,0,0,0,0,0,0,0,0,0,0,0,0,0,0,0,0,0,0,0,0,0,0,0,0,0,0,0,0,0,24,72,40,8,68,28,32
184254,Guglielmo Vicario,07/10/1996,Italy,GK,Goalkeeper,38,3420,1566,0,0,0,0.1256194,0.1037015,0.0573104,0.0477543,0.8928574,0.8432881,0.0495693,-0.5169445,17.2090782,71.3143856,0,0,0,0.003305774,0.002728987,0.001508168,0.001256692,0.023496247,0.022191792,0.001304455,-0.013603803,0.452870479,1.876694358,12119,19584,VICARIO G.,1996,26,P,3667,0,0,0,0,0,0,0,0,0,0,0,0,0,0,0,0,0,0,0,0,0,0,0,0,36,0,0,0,1,0,0,0,0,0,0,0,0,0,0,0,1221,662,0,0,0,0,0,0,0,0,0,0,0,0,0,0,0,0,1,0,24,15,22,0,0,8,8,5,4,34,1,70,1,9,0,1,0,0,155,70,116,210,10,2,34,1,540,522,217,156,0,0,0,0,0,0,0,0,0,0,0,91.06578947,0,0,0,0,0,0,0,0,0,91.17647059,0,100,80,56.55870968,9.1,66.21578947,96.30263158,72.47894737,69.15526316,27.52105263,0,0,0,0,0,0,0,0,0,0,0,0,0,0,0,0,0,0,0,0,0,0,0,0,0.88355604,0,0,0,0.024543223,0,0,0,0,0,0,0,0,0,0,0,29.9672757,16.24761385,0,0,0,0,0,0,0,0,0,0,0,0,0,0,0,0,0.024543223,0,0.58903736,0.36814835,0.539950914,0,0,0.196345787,0.196345787,0.122716117,0.098172893,0.834469594,0.024543223,1.718025634,0.024543223,0.22088901,0,0.024543223,0,0,3.804199618,1.718025634,2.847013908,5.154076902,0.245432233,0.049086447,0.834469594,0.024543223,13.25334061,12.81156259,5.325879466,3.828742842,0,0,0,0,0,0,0,0,0,0,0,0,0,0,0,0,0,0,0,0,0,0,0,0,0,0,0,0,0,0,0,0,0,0,0,0,0,0,0,0,0,0,0,0,0,0,0,0,0,0,0,0,0,0,0,0,0,0,0,0,0,0,0,0,0,0,0,0,0,0,0,0,0,0,0,0,0,0,0,0,0,0,0,0,0,0,0,0,52,24,88,68,88,84,84
193509,Emil Audero,18/01/1997,Italy,GK,Goalkeeper,29,2561,1155,0,0,0,0.2740586,0.2459317,0.2118114,0.0354962,0.9354641,0.9015114,0.0339527,-0.4061658,9.5119453,45.0813133,0,0,0,0.009631111,0.00864266,0.007443587,0.001247426,0.032874568,0.031681385,0.001193184,-0.014273691,0.334273751,1.584271065,10248,14136,AUDERO E.,1997,25,P,2723,0,0,0,0,0,0,0,0,0,0,0,0,0,0,0,0,0,0,0,0,0,0,0,0,26,0,0,0,1,0,0,0,0,0,0,0,0,0,0,0,951,506,0,0,0,0,0,0,0,0,0,0,0,0,0,0,1,1,4,3,26,20,23,0,0,7,7,8,8,14,0,48,0,6,0,2,0,0,89,48,87,128,2,1,14,0,330,306,249,157,0,0,0,0,0,0,0,0,0,0,0,84.13448276,0,0,0,0,0,0,0,100,75,92.10526316,0,100,100,56.06173913,0,56.125,91.26896552,57.70344828,64.39310345,42.29655172,0,0,0,0,0,0,0,0,0,0,0,0,0,0,0,0,0,0,0,0,0,0,0,0,0.859346309,0,0,0,0.033051781,0,0,0,0,0,0,0,0,0,0,0,31.43224385,16.72420125,0,0,0,0,0,0,0,0,0,0,0,0,0,0,0.033051781,0.033051781,0.132207124,0.099155343,0.859346309,0.661035622,0.760190966,0,0,0.231362468,0.231362468,0.264414249,0.264414249,0.462724936,0,1.586485494,0,0.198310687,0,0.066103562,0,0,2.94160852,1.586485494,2.875504958,4.230627984,0.066103562,0.033051781,0.462724936,0,10.90708777,10.11384502,8.2298935,5.189129636,0,0,0,0,0,0,0,0,0,0,0,0,0,0,0,0,0,0,0,0,0,0,0,0,0,0,0,0,0,0,0,0,0,0,0,0,0,0,0,0,0,0,0,0,0,0,0,0,0,0,0,0,0,0,0,0,0,0,0,0,0,0,0,0,0,0,0,0,0,0,0,0,0,0,0,0,0,0,0,0,0,0,0,0,0,0,0,0,8,12,56,60,76,88,60
193773,Vanja Milinkovic-Savic,20/02/1997,Serbia,GK,Goalkeeper,27,2430,1121,0.0495065,0.0495065,0,0.4911261,0.452209,0.4096015,0.0954781,1.4406286,1.3879649,0.0526637,-0.584423,5.047008,27.6499458,0.001833574,0.001833574,0,0.018189856,0.016748481,0.015170426,0.003536226,0.053356615,0.051406107,0.001950507,-0.021645296,0.186926222,1.024072067,12261,10639,MILINKOVIC-SAVIC V.,1997,25,P,2609,0,0,0,0,0,0,0,0,0,0,0,0,0,0,0,0,0,0,0,0,0,0,0,0,26,0,0,0,0,0,0,0,1,1,0,1,1,0,0,0,996,562,0,0,0,0,0,0,0,0,0,0,0,0,0,1,2,1,3,3,17,16,7,1,0,5,3,4,2,9,4,33,2,1,0,2,0,0,60,33,68,83,7,1,9,4,246,224,412,264,0,0,0,0,0,0,0,0,0,0,0,78.88518519,0,0,0,0,0,0,0,50,100,54.54545455,0,62.5,50,78.58695652,8.25,56.31851852,91.23703704,38.05185185,63.8962963,61.94814815,0,0,0,0,0,0,0,0,0,0,0,0,0,0,0,0,0,0,0,0,0,0,0,0,0.896895362,0,0,0,0,0,0,0,0.034495975,0.034495975,0,0.034495975,0.034495975,0,0,0,34.35799157,19.38673821,0,0,0,0,0,0,0,0,0,0,0,0,0,0.034495975,0.068991951,0.034495975,0.103487926,0.103487926,0.586431583,0.551935608,0.241471828,0.034495975,0,0.172479877,0.103487926,0.137983902,0.068991951,0.310463779,0.137983902,1.13836719,0.068991951,0.034495975,0,0.068991951,0,0,2.069758528,1.13836719,2.345726332,2.863165964,0.241471828,0.034495975,0.310463779,0.137983902,8.486009966,7.727098505,14.21234189,9.106937524,0,0,0,0,0,0,0,0,0,0,0,0,0,0,0,0,0,0,0,0,0,0,0,0,0,0,0,0,0,0,0,0,0,0,0,0,0,0,0,0,0,0,0,0,0,0,0,0,0,0,0,0,0,0,0,0,0,0,0,0,0,0,0,0,0,0,0,0,0,0,0,0,0,0,0,0,0,0,0,0,0,0,0,0,0,0,0,0,12,80,12,36,80,52,4
